{"tk8/2hthRJDygU46942QMg==":"as-122x86.png","m3qYKwjAZvjHRcSsSh/+tQ==":"background7.jpg","oAP0zYaQ9tF52IPzGki5eQ==":"1.png","6O+30lxp2k+o4AIopsEebQ==":"2.png","HJhRgRnoxd9hOKIesgHdSg==":"3.png","cS+b+H/4s7fYemEvQPUyBw==":"4.png","nKr8ur/1nGr/J+a7RVdSQQ==":"5.png","6ONvU6CxMMhrb1g7t1WuTw==":"background7-1.jpg","ic9z4yLnxMMxkYAqbm2+lw==":"greg-rakozy-38802-unsplash-2000x1333.jpg","Q3N5D1va+daCkeL4h/W1Fw==":"background1.jpg","sHxeHCINJ9tzltDiqpW+HA==":"background1-1.jpg","iqw7yQD1OsBIxUDxW8kJ2w==":"07.jpg","OY9LOWU65Ne1Kvrh75200Q==":"05.jpg","7ZTB0MH1zI/N08WgtM8fnw==":"06.jpg","SqMBlm4eUHGA9C8A4ie2nQ==":"01.jpg","BaokzyGhZkQRMLWHGuUSAg==":"background6.jpg","/5TxP6rB5Xsj6wML99MSww==":"logo2.png","ibIE3c/2EhH0WMZKP3+16w==":"background8.jpg","jVH3jHXFQ8p+sCny29svVQ==":"01-1.jpg","eC8q2B/kLfTPiVIHeuTVzQ==":"03.jpg","1qgasQaCmLfBAedxNtYP2w==":"02.jpg","NQSv4EvctB9LenV+X12exQ==":"slide3-1600x900.jpg","Nf6R7DF6pVi13CWCQrdbjw==":"slide3-1024x576.jpg","Vw/ySnD6WSFdwOXXtoz3lQ==":"slide2-1-1024x576.jpg","4m/3JdVFk35Fq+SbEROuGw==":"slide1-1600x1080.jpg","5y+VErA9LBpd9LaIBvkMEg==":"manpower.svg","I3qw5os9XtVnfuq3fpsZJg==":"balfour-beatty-logo.svg","x3G6H/mjpzqJJwA+gBCivw==":"citroen-logo.svg","RNPhx55l/G6+VW0cDWSgyg==":"bp-logo.svg","9nkaAOEuO17+t4GSfEFluQ==":"fujitsu.svg","QHQRY79yEL6ChkQZJx+k3A==":"experian-white.svg","X+Wbv5ssEP+slhrM9iv2eA==":"maersk.svg","Cl5Xubda1IYwBPsL4p4RNw==":"coventry-building-society-logo.svg","xhsbmEvAV32cjcSF6oI1gg==":"pret.svg","aMiPqNTIXxpEKfF09dfdKQ==":"city-and-guilds.svg","pVP/nHLkZR7jqQeyR71v9A==":"eurostar.svg","jAvLdeLb4RuT/Fc5vkWydA==":"ras.svg","/wNC+BzFVruNe6NpGnUISA==":"allpay.svg","C8QRqd37oTi8Xusaj8iOig==":"allpay-alt.svg","QiZ96rwO1fCSmCgaxh0HpQ==":"hertfordshire.svg","wdWEkFz9BRt2IpsqFf74Zg==":"occ.svg","aT0LPZSNmz11f92RmAfycQ==":"aqa.svg","Ds2k3K68jI2JK11gD/9gQg==":"mbr-1920x1280.jpg","pJlVwPY/fgvjAw62UJl2+g==":"car-lot-850x477.jpg","rhV2ob4thB/RrYIIKr7ezA==":"supermarket-850x567.jpg","Z68ywOcFDwdU7YPGUO42kQ==":"sfx-850x478.jpg","7F8wkGR7Ny1iPuQ+GAxWUw==":"exams-850x567.jpg","JuFTftCKM8lKCzB0Wulv3w==":"background9.jpg","bYGDpPbrA5B+9sPwkt5Pfw==":"markus-spiske-445253-unsplash-2000x1333.jpg","uVYScY2vtsRjR6dRFj/owg==":"florian-perennes-396212-unsplash-2000x2838.jpg","OkDaa+4BUt/dgLJMolbakA==":"iso-horizontal-logo.svg","zHkCWv70FIhbDkHBaq/obg==":"favicon-32x32.png","5WSBdTiHAUVl7RAzGy/dUw==":"favicon-96x96.png","4S/WjcGSVeZ5Aza0hsfY9Q==":"artificial-intelligence-3382507-640-640x426.jpg","NmZT/vnJrnZ5q+4XN8aPYw==":"greg-rakozy-38802-unsplash-min-2000x1333.jpg","dIoiSUs7mV2PPjI4wlYydg==":"artificial-intelligence-3382507_1280-min-1280x853.jpg","JNBwIS7Dz+EJDhaoeMn4gg==":"car-lot-min-850x477.jpg","licc+LPOcwJlVVbmaIR4qg==":"supermarket-min-850x567.jpg","W0X8EDM8Yi8nlJ31CYxpcQ==":"sfx-min-850x478.jpg","Ji0Qe9cMKw1m/rbjCyG0xw==":"exams-min-850x567.jpg","JF/1bVBqI9Y/VApcxw2XGw==":"optimized-florian-perennes-396212-unsplash-634x900.jpg","qCCy/1SbdHNDADkm4MWf/Q==":"greg-rakozy-38802-unsplash_opt-400x267.jpg","Ag6CVwb8b85norLHiye6Og==":"greg-rakozy-38802-unsplash-compressed-2000x1333.jpg","IUeH2UPjmeEWeY3W5Ceaog==":"greg-rakozy-38802-unsplash-compressed%20(1)-2000x1333.jpg","401u1WCo8cv0c0tGFkLbEg==":"artificial-intelligence-3382507_1920-compressed-1920x1280.jpg","v1vCeWSWepq93SjyISCeLg==":"car-lot-compressed-850x477.jpg","6XOQ6Ai02iEpHHu5++/9ZQ==":"supermarket-compressed-850x567.jpg","bu+DHQV1AgpYERB4WrGTVw==":"sfx-compressed-850x478.jpg","A0BFsHnuXXU7lvQpFFKeiQ==":"exams-compressed-850x567.jpg","ynOPxTU4FkljHmygQ3QTrg==":"florian-perennes-396212-unsplash-compressed-2000x2838.jpg","SVxkiTrv2CXp8mmCxVb75Q==":"iso-horizontal-logo-compressed-284x110.jpg","yxybgUOvAH58J6DDP4TDNA==":"iso-horizontal-logo.png","ksQsqfti3lxtZ79i1BjJtg==":"bp-logo.png","BcGa/osRDEguesdPi1wF5g==":"riverisland.svg","OTwjEuCRdKoig1Q3okLMxQ==":"jamison-mcandie-uf4oyaimwwg-unsplash.jpg","CgmxsYSsGQ6ZZeQoB0uCcA==":"yuri-bodrikhin-dxlnq8z8x4k-unsplash.jpg","n7V6BQz9Ct+PX74aUpZ8uA==":"alexander-popov-3inmdrsuyrk-unsplash.jpg","agUJaiXIHT2lSos3hsFNWQ==":"moritz-mentges-2rlrbrkwtpc-unsplash.jpg","m5hiy20fKK7fFcANET0ZDg==":"pawel-czerwinski-7lowpcoan6k-unsplash.jpg","FpIZ26tH6kmQzYty1YhZWw==":"nathan-dumlao-ynsdngcselo-unsplash.jpg","W8LYfL9tpYmhg17tBaAPjw==":"marc-olivier-jodoin-nqoinj-ttqm-unsplash.jpg","ENitgw5rdHvfkNweUoJHHg==":"top50.png","+kQ1+RBt7DgfHvcrvDA0EQ==":"topsoftwarecompany.png","aUqO80TwUx5VnDPEmcK8ww==":"topsoftwarecompany-1.png","37kF4uPKdNnfmdE0khHoMg==":"iso.png","euXoWUTZH1g3TnE+R8ZnqQ==":"iso-1.png","w2a++ROapSVV+SvyoXiMiQ==":"untitled-design.jpg","ypN2CEcagEhlfqZplTRv2A==":"untitled-design.jpeg","Aj3sEtMGyNb1fl+jsvuH5A==":"untitled-design-1.jpeg","UATffnsk4XeMG7OOK/yRXQ==":"untitled-design-2.jpeg","KwwBwGXvUWnSt5Cleyaaug==":"untitled-design-3.jpeg","Y+9jLiTDWTdyqhsSnzdgug==":"federico-beccari-ahi73zn5p0y-unsplash.jpg","Wr0EGGYNKK+Tw8xgndAfRQ==":"08-1.jpg"}